Workbook

Sheet Calendar
A1: Day | B1: Date | C1: Weekday | D1: Slot | E1: Post time (IST) | F1: Episode | G1: Phase | H1: Series | I1: Mode | J1: Code | K1: Tool(s) | L1: Pillar | M1: Draft hook (rewrite after test) | N1: The test | O1: Free path | P1: Affiliate status | Q1: On-screen label | R1: YouTube title (draft) | S1: Hashtags | T1: Status
A2: 1 | B2: =Settings!$B$3+A2-1 -> 46314 | C2: =TEXT(B2,"ddd") -> Mon | D2: A | E2: =Settings!$B$4 -> 06:30 | F2: E001 | G2: 1 Collect | H2: Field Specimen | I2: Live specimen | J2: 001 | K2: Tripo | L2: 3D | M2: This mug was a phone photo 40 seconds ago. | N2: One phone photo of a real mug to a textured 3D model, one try | O2: Free: 200 credits/mo, models public + non-commercial | P2: Confirmed program | Q2: Affiliate | R2: Tripo: This mug was a phone photo 40 seconds ago | Specimen Nº001 | S2: #3dmodeling #ai3d #3dprinting #specimindlab | T2: Planned
A3: 1 | B3: =Settings!$B$3+A3-1 -> 46314 | C3: =TEXT(B3,"ddd") -> Mon | D3: B | E3: =Settings!$B$5 -> 18:30 | F3: E002 | G3: 1 Collect | H3: Free Range | I3: Live specimen | J3: 002 | K3: Hunyuan3D | L3: 3D | M3: Tencent's free 3D generator vs my desk lamp. | N3: Photo of a desk lamp to mesh; inspect the thin arm | O3: Free: ~20 generations/day, open weights | P3: No program known (Unpaid) | Q3: Unpaid | R3: Hunyuan3D: Tencent's free 3D generator vs my desk lamp | Specimen Nº002 | S3: #3dmodeling #ai3d #3dprinting #specimindlab | T3: Planned
A4: 2 | B4: =Settings!$B$3+A4-1 -> 46315 | C4: =TEXT(B4,"ddd") -> Tue | D4: A | E4: =Settings!$B$4 -> 06:30 | F4: E003 | G4: 1 Collect | H4: Rare Sighting | I4: Live specimen | J4: 003 | K4: TRELLIS 2 | L4: 3D | M4: Microsoft's open-source 3D model, free in a browser tab. | N4: Concept art of a creature to 3D via the free demo | O4: Open-source; free Hugging Face Space demo | P4: No program known (Unpaid) | Q4: Unpaid | R4: TRELLIS 2: Microsoft's open-source 3D model, free in a browser tab | Specimen Nº003 | S4: #3dmodeling #ai3d #3dprinting #specimindlab | T4: Planned
A5: 2 | B5: =Settings!$B$3+A5-1 -> 46315 | C5: =TEXT(B5,"ddd") -> Tue | D5: B | E5: =Settings!$B$5 -> 18:30 | F5: E004 | G5: 1 Collect | H5: Field Specimen | I5: Live specimen | J5: 004 | K5: Kling 3.0 | L5: Video | M5: Free AI video, refilled every day. Here's day one. | N5: Image-to-video of a still-life photo, 5 s, one try | O5: Free: 66 credits/day, 720p, 5 s | P5: Check for program | Q5: Affiliate if approved, else Unpaid | R5: Kling 3.0: Free AI video, refilled every day. Here's day one | Specimen Nº004 | S5: #aivideo #videogeneration #filmmaking #specimindlab | T5: Planned
A6: 3 | B6: =Settings!$B$3+A6-1 -> 46316 | C6: =TEXT(B6,"ddd") -> Wed | D6: A | E6: =Settings!$B$4 -> 06:30 | F6: E005 | G6: 1 Collect | H6: Plate | I6: Live specimen | J6: P01 | K6: Tripo vs Meshy vs Hunyuan3D | L6: 3D | M6: Same photo, three 3D specimens. | N6: One phone photo of a ceramic owl through all three free tiers | O6: All three on free tiers | P6: Check for program, Confirmed program, No program known (Unpaid) | Q6: Affiliate on any approved specimen | R6: Tripo vs Meshy vs Hunyuan3D: same photo, three 3d specimens | Plate P01 | S6: #3dmodeling #ai3d #3dprinting #aicomparison #specimindlab | T6: Planned
A7: 3 | B7: =Settings!$B$3+A7-1 -> 46316 | C7: =TEXT(B7,"ddd") -> Wed | D7: B | E7: =Settings!$B$5 -> 18:30 | F7: E006 | G7: 1 Collect | H7: Field Sketch | I7: Field sketch | J7: 006 | K7: Midjourney | L7: Image | M7: Still the taste leader? A desk study. | N7: Desk study: public gallery, pricing, who it's for | O7: No free tier (Field sketch) | P7: Check for program | Q7: Affiliate if approved, else Unpaid | R7: Midjourney: Still the taste leader? A desk study | Specimen Nº006 | S7: #aiart #aiimage #design #specimindlab | T7: Planned
A8: 4 | B8: =Settings!$B$3+A8-1 -> 46317 | C8: =TEXT(B8,"ddd") -> Thu | D8: A | E8: =Settings!$B$4 -> 06:30 | F8: E007 | G8: 1 Collect | H8: Field Specimen | I8: Live specimen | J8: 007 | K8: ElevenLabs | L8: Audio | M8: Sound effects from a sentence, not a library. | N8: Generate 'drawer sliding shut in a museum' SFX | O8: Free: monthly characters, attribution required | P8: Confirmed program | Q8: Affiliate | R8: ElevenLabs: Sound effects from a sentence, not a library | Specimen Nº007 | S8: #aimusic #audio #soundeffects #specimindlab | T8: Planned
A9: 4 | B9: =Settings!$B$3+A9-1 -> 46317 | C9: =TEXT(B9,"ddd") -> Thu | D9: B | E9: =Settings!$B$5 -> 18:30 | F9: E008 | G9: 1 Collect | H9: Mimicry | I9: Live specimen | J9: M01 | K9: Photoroom | L9: Image | M9: A product photo: real or Photoroom? | N9: Make the AI side on the free tier; shoot the real side ourselves; comment A or B | O9: Free tier | P9: Check for program | Q9: Unpaid (the reveal names the tool) | R9: A product photo: real or Photoroom? | Mimicry M01 | S9: #aiart #aiimage #design #aiorreal #specimindlab | T9: Planned
A10: 5 | B10: =Settings!$B$3+A10-1 -> 46318 | C10: =TEXT(B10,"ddd") -> Fri | D10: A | E10: =Settings!$B$4 -> 06:30 | F10: E009 | G10: 1 Collect | H10: Dissection | I10: Live specimen | J10: D01 | K10: Tripo | L10: 3D | M10: Phone photo to an animated 3D character. | N10: Photo to mesh, auto-rig, walk cycle, all free tier | O10: Free tiers only | P10: Mixed | Q10: Affiliate on any approved specimen | R10: Phone photo to an animated 3D character with free AI tools | Dissection D01 | S10: #3dmodeling #ai3d #3dprinting #workflow #specimindlab | T10: Planned
A11: 5 | B11: =Settings!$B$3+A11-1 -> 46318 | C11: =TEXT(B11,"ddd") -> Fri | D11: B | E11: =Settings!$B$5 -> 18:30 | F11: E010 | G11: 1 Collect | H11: Rare Sighting | I11: Live specimen | J11: 009 | K11: Hitem3D | L11: 3D | M11: A 3D tool built for people who own a 3D printer. | N11: Figurine photo to watertight, print-ready mesh | O11: Free tier (verify) | P11: Check for program | Q11: Affiliate if approved, else Unpaid | R11: Hitem3D: A 3D tool built for people who own a 3D printer | Specimen Nº009 | S11: #3dmodeling #ai3d #3dprinting #specimindlab | T11: Planned
A12: 6 | B12: =Settings!$B$3+A12-1 -> 46319 | C12: =TEXT(B12,"ddd") -> Sat | D12: A | E12: =Settings!$B$4 -> 06:30 | F12: E011 | G12: 1 Collect | H12: Field Specimen | I12: Live specimen | J12: 010 | K12: Gamma | L12: Work | M12: A whole slide deck from one sentence. | N12: 10-slide deck on composting; count fixes needed | O12: Free credits | P12: Check for program | Q12: Affiliate if approved, else Unpaid | R12: Gamma: A whole slide deck from one sentence | Specimen Nº010 | S12: #productivity #studytips #worktools #specimindlab | T12: Planned
A13: 6 | B13: =Settings!$B$3+A13-1 -> 46319 | C13: =TEXT(B13,"ddd") -> Sat | D13: B | E13: =Settings!$B$5 -> 18:30 | F13: E012 | G13: 1 Collect | H13: Free Range | I13: Live specimen | J13: 011 | K13: Gemini image | L13: Image | M13: Edit a photo by typing what to change. | N13: Remove a person from a beach photo, then relight it | O13: Free in Gemini app | P13: No program known (Unpaid) | Q13: Unpaid | R13: Gemini image: Edit a photo by typing what to change | Specimen Nº011 | S13: #aiart #aiimage #design #specimindlab | T13: Planned
A14: 7 | B14: =Settings!$B$3+A14-1 -> 46320 | C14: =TEXT(B14,"ddd") -> Sun | D14: A | E14: =Settings!$B$4 -> 06:30 | F14: E013 | G14: 1 Collect | H14: The Drawer | I14: Built from the week's renders | J14: W01 | K14: This week's specimens | L14: All | M14: Week 1: every specimen we pinned. | N14: Recap each label + verdict in 30 s; end on next week's teaser | O14: No tool use | P14: n/a | Q14: Unpaid | R14: Every AI tool we tested this week | The Drawer W01 | S14: #aitools #weeklyrecap #specimindlab | T14: Planned
A15: 7 | B15: =Settings!$B$3+A15-1 -> 46320 | C15: =TEXT(B15,"ddd") -> Sun | D15: B | E15: =Settings!$B$5 -> 18:30 | F15: E014 | G15: 1 Collect | H15: Extinction Watch | I15: Field sketch | J15: X01 | K15: See test | L15: Any | M15: Sora is gone. What replaced it? | N15: OpenAI closed the Sora app in Apr 2026 and the API on 24 Sep 2026; compare 3 free successors | O15: Desk study | P15: n/a | Q15: Unpaid | R15: Sora is gone. What replaced it? | Extinction Watch X01 | S15: #ainews #aitools #specimindlab | T15: Planned
A16: 8 | B16: =Settings!$B$3+A16-1 -> 46321 | C16: =TEXT(B16,"ddd") -> Mon | D16: A | E16: =Settings!$B$4 -> 06:30 | F16: E015 | G16: 1 Collect | H16: Field Specimen | I16: Live specimen | J16: 008 | K16: Photoroom | L16: Image | M16: Bedroom product photo to studio shot. | N16: Messy-table product photo to clean studio background | O16: Free tier | P16: Check for program | Q16: Affiliate if approved, else Unpaid | R16: Photoroom: Bedroom product photo to studio shot | Specimen Nº008 | S16: #aiart #aiimage #design #specimindlab | T16: Planned
A17: 8 | B17: =Settings!$B$3+A17-1 -> 46321 | C17: =TEXT(B17,"ddd") -> Mon | D17: B | E17: =Settings!$B$5 -> 18:30 | F17: E016 | G17: 1 Collect | H17: Free Range | I17: Live specimen | J17: 012 | K17: NotebookLM | L17: Work | M17: Upload a textbook, get a two-host podcast. | N17: Chapter PDF to audio overview; check accuracy | O17: Free | P17: No program known (Unpaid) | Q17: Unpaid | R17: NotebookLM: Upload a textbook, get a two-host podcast | Specimen Nº012 | S17: #productivity #studytips #worktools #specimindlab | T17: Planned
A18: 9 | B18: =Settings!$B$3+A18-1 -> 46322 | C18: =TEXT(B18,"ddd") -> Tue | D18: A | E18: =Settings!$B$4 -> 06:30 | F18: E017 | G18: 1 Collect | H18: Rare Sighting | I18: Live specimen | J18: 013 | K18: Happy Shrimp | L18: Audio | M18: Alibaba's new song generator, spotted early. | N18: Same lo-fi prompt as Suno, compare structure | O18: Free (verify) | P18: No program known (Unpaid) | Q18: Unpaid | R18: Happy Shrimp: Alibaba's new song generator, spotted early | Specimen Nº013 | S18: #aimusic #audio #soundeffects #specimindlab | T18: Planned
A19: 9 | B19: =Settings!$B$3+A19-1 -> 46322 | C19: =TEXT(B19,"ddd") -> Tue | D19: B | E19: =Settings!$B$5 -> 18:30 | F19: E018 | G19: 1 Collect | H19: Field Specimen | I19: Live specimen | J19: 014 | K19: Lovable | L19: Build | M19: An app from one paragraph. Does it run? | N19: Habit tracker from one paragraph; test 3 features | O19: Free daily credits | P19: Check for program | Q19: Affiliate if approved, else Unpaid | R19: Lovable: An app from one paragraph. Does it run | Specimen Nº014 | S19: #nocode #vibecoding #appdev #specimindlab | T19: Planned
A20: 10 | B20: =Settings!$B$3+A20-1 -> 46323 | C20: =TEXT(B20,"ddd") -> Wed | D20: A | E20: =Settings!$B$4 -> 06:30 | F20: E019 | G20: 1 Collect | H20: Plate | I20: Live specimen | J20: P02 | K20: Kling 3.0 vs Hailuo (MiniMax) vs Seedance (Dreamina) | L20: Video | M20: Same prompt, three free video models. | N20: 'Steam rising from a cup by a rainy window', 5 s each | O20: All three on free tiers | P20: Check for program | Q20: Affiliate on any approved specimen | R20: Kling 3.0 vs Hailuo (MiniMax) vs Seedance (Dreamina): same prompt, three free video models | Plate P02 | S20: #aivideo #videogeneration #filmmaking #aicomparison #specimindlab | T20: Planned
A21: 10 | B21: =Settings!$B$3+A21-1 -> 46323 | C21: =TEXT(B21,"ddd") -> Wed | D21: B | E21: =Settings!$B$5 -> 18:30 | F21: E020 | G21: 1 Collect | H21: Field Sketch | I21: Field sketch | J21: 017 | K21: Veo 3.1 (Flow) | L21: Video | M21: The most realistic video model, on paper. | N21: Desk study: public examples, prices, access | O21: Paid Google AI plan (Field sketch) | P21: No program known (Unpaid) | Q21: Unpaid | R21: Veo 3.1 (Flow): The most realistic video model, on paper | Specimen Nº017 | S21: #aivideo #videogeneration #filmmaking #specimindlab | T21: Planned
A22: 11 | B22: =Settings!$B$3+A22-1 -> 46324 | C22: =TEXT(B22,"ddd") -> Thu | D22: A | E22: =Settings!$B$4 -> 06:30 | F22: E021 | G22: 1 Collect | H22: Field Specimen | I22: Live specimen | J22: 005 | K22: Meshy | L22: 3D | M22: Can a free 3D tool make a game-ready sword? | N22: Text prompt to a low-poly sword; check polygon count | O22: Free: 100 credits/mo, CC BY 4.0 (credit Meshy) | P22: Check for program | Q22: Affiliate if approved, else Unpaid | R22: Meshy: Can a free 3D tool make a game-ready sword | Specimen Nº005 | S22: #3dmodeling #ai3d #3dprinting #specimindlab | T22: Planned
A23: 11 | B23: =Settings!$B$3+A23-1 -> 46324 | C23: =TEXT(B23,"ddd") -> Thu | D23: B | E23: =Settings!$B$5 -> 18:30 | F23: E022 | G23: 1 Collect | H23: Mimicry | I23: Live specimen | J23: M02 | K23: Tripo | L23: 3D | M23: A mug: phone photo or Tripo render? | N23: Make the AI side on the free tier; shoot the real side ourselves; comment A or B | O23: Free: 200 credits/mo, models public + non-commercial | P23: Confirmed program | Q23: Unpaid (the reveal names the tool) | R23: A mug: phone photo or Tripo render? | Mimicry M02 | S23: #3dmodeling #ai3d #3dprinting #aiorreal #specimindlab | T23: Planned
A24: 12 | B24: =Settings!$B$3+A24-1 -> 46325 | C24: =TEXT(B24,"ddd") -> Fri | D24: A | E24: =Settings!$B$4 -> 06:30 | F24: E023 | G24: 1 Collect | H24: Dissection | I24: Live specimen | J24: D02 | K24: Tripo + Hitem3D | L24: 3D | M24: Sketch to a 3D-printable toy. | N24: Pencil sketch to mesh, sliced in free Bambu Studio | O24: Free tiers only | P24: Mixed | Q24: Affiliate on any approved specimen | R24: Sketch to a 3D-printable toy with free AI tools | Dissection D02 | S24: #3dmodeling #ai3d #3dprinting #workflow #specimindlab | T24: Planned
A25: 12 | B25: =Settings!$B$3+A25-1 -> 46325 | C25: =TEXT(B25,"ddd") -> Fri | D25: B | E25: =Settings!$B$5 -> 18:30 | F25: E024 | G25: 1 Collect | H25: Rare Sighting | I25: Live specimen | J25: 018 | K25: Hookest | L25: Creator | M25: A swipe file of viral video hooks. | N25: Find 5 hooks for an AI-tool video; rate them | O25: Free tier (verify) | P25: Check for program | Q25: Affiliate if approved, else Unpaid | R25: Hookest: A swipe file of viral video hooks | Specimen Nº018 | S25: #contentcreator #videoediting #shortsediting #specimindlab | T25: Planned
A26: 13 | B26: =Settings!$B$3+A26-1 -> 46326 | C26: =TEXT(B26,"ddd") -> Sat | D26: A | E26: =Settings!$B$4 -> 06:30 | F26: E025 | G26: 1 Collect | H26: Field Specimen | I26: Live specimen | J26: 019 | K26: Ideogram | L26: Image | M26: The image model that's best at words. | N26: Poster with 3 lines of exact text | O26: Free daily credits | P26: Check for program | Q26: Affiliate if approved, else Unpaid | R26: Ideogram: The image model that's best at words | Specimen Nº019 | S26: #aiart #aiimage #design #specimindlab | T26: Planned
A27: 13 | B27: =Settings!$B$3+A27-1 -> 46326 | C27: =TEXT(B27,"ddd") -> Sat | D27: B | E27: =Settings!$B$5 -> 18:30 | F27: E026 | G27: 1 Collect | H27: Free Range | I27: Live specimen | J27: 020 | K27: Adobe Podcast Enhance | L27: Audio | M27: Make a phone recording sound like a studio. | N27: Bathroom-echo recording, enhance, A/B | O27: Free tier | P27: No program known (Unpaid) | Q27: Unpaid | R27: Adobe Podcast Enhance: Make a phone recording sound like a studio | Specimen Nº020 | S27: #aimusic #audio #soundeffects #specimindlab | T27: Planned
A28: 14 | B28: =Settings!$B$3+A28-1 -> 46327 | C28: =TEXT(B28,"ddd") -> Sun | D28: A | E28: =Settings!$B$4 -> 06:30 | F28: E027 | G28: 1 Collect | H28: The Drawer | I28: Built from the week's renders | J28: W02 | K28: This week's specimens | L28: All | M28: Week 2: every specimen we pinned. | N28: Recap each label + verdict in 30 s; end on next week's teaser | O28: No tool use | P28: n/a | Q28: Unpaid | R28: Every AI tool we tested this week | The Drawer W02 | S28: #aitools #weeklyrecap #specimindlab | T28: Planned
A29: 14 | B29: =Settings!$B$3+A29-1 -> 46327 | C29: =TEXT(B29,"ddd") -> Sun | D29: B | E29: =Settings!$B$5 -> 18:30 | F29: E028 | G29: 1 Collect | H29: Rare Sighting | I29: Live specimen | J29: 021 | K29: Chit | L29: Work | M29: A printed receipt of your day in Claude Code. | N29: Run for one coding day; show the receipt | O29: Free (verify) | P29: No program known (Unpaid) | Q29: Unpaid | R29: Chit: A printed receipt of your day in Claude Code | Specimen Nº021 | S29: #productivity #studytips #worktools #specimindlab | T29: Planned
A30: 15 | B30: =Settings!$B$3+A30-1 -> 46328 | C30: =TEXT(B30,"ddd") -> Mon | D30: A | E30: =Settings!$B$4 -> 06:30 | F30: E029 | G30: 1 Collect | H30: Field Specimen | I30: Live specimen | J30: 022 | K30: HeyGen | L30: Avatar | M30: Your photo, speaking six languages. | N30: Photo avatar reads one line in 3 languages | O30: Free plan, short videos | P30: Confirmed program | Q30: Affiliate | R30: HeyGen: Your photo, speaking six languages | Specimen Nº022 | S30: #aiavatar #videomarketing #captions #specimindlab | T30: Planned
A31: 15 | B31: =Settings!$B$3+A31-1 -> 46328 | C31: =TEXT(B31,"ddd") -> Mon | D31: B | E31: =Settings!$B$5 -> 18:30 | F31: E030 | G31: 1 Collect | H31: Free Range | I31: Live specimen | J31: 023 | K31: Goblin Tools | L31: Work | M31: The free tool that breaks scary tasks into steps. | N31: 'Clean the garage' into steps, spiciness slider | O31: Free | P31: No program known (Unpaid) | Q31: Unpaid | R31: Goblin Tools: The free tool that breaks scary tasks into steps | Specimen Nº023 | S31: #productivity #studytips #worktools #specimindlab | T31: Planned
A32: 16 | B32: =Settings!$B$3+A32-1 -> 46329 | C32: =TEXT(B32,"ddd") -> Tue | D32: A | E32: =Settings!$B$4 -> 06:30 | F32: E031 | G32: 1 Collect | H32: Rare Sighting | I32: Live specimen | J32: 024 | K32: Lovart | L32: Image | M32: A design agent that makes a whole brand kit. | N32: Brief: coffee cart brand; count usable assets | O32: Free credits (verify) | P32: Check for program | Q32: Affiliate if approved, else Unpaid | R32: Lovart: A design agent that makes a whole brand kit | Specimen Nº024 | S32: #aiart #aiimage #design #specimindlab | T32: Planned
A33: 16 | B33: =Settings!$B$3+A33-1 -> 46329 | C33: =TEXT(B33,"ddd") -> Tue | D33: B | E33: =Settings!$B$5 -> 18:30 | F33: E032 | G33: 1 Collect | H33: Field Specimen | I33: Live specimen | J33: 025 | K33: Descript | L33: Creator | M33: Edit video by deleting words in a transcript. | N33: Remove all 'um's from a 2-minute recording | O33: Free plan | P33: Confirmed program | Q33: Affiliate | R33: Descript: Edit video by deleting words in a transcript | Specimen Nº025 | S33: #contentcreator #videoediting #shortsediting #specimindlab | T33: Planned
A34: 17 | B34: =Settings!$B$3+A34-1 -> 46330 | C34: =TEXT(B34,"ddd") -> Wed | D34: A | E34: =Settings!$B$4 -> 06:30 | F34: E033 | G34: 1 Collect | H34: Plate | I34: Live specimen | J34: P03 | K34: Ideogram vs Recraft vs Gemini image | L34: Image | M34: Same logo brief, three image models. | N34: Logo for 'Lantern Bakery' with exact spelling | O34: All three on free tiers | P34: Check for program, No program known (Unpaid) | Q34: Affiliate on any approved specimen | R34: Ideogram vs Recraft vs Gemini image: same logo brief, three image models | Plate P03 | S34: #aiart #aiimage #design #aicomparison #specimindlab | T34: Planned
A35: 17 | B35: =Settings!$B$3+A35-1 -> 46330 | C35: =TEXT(B35,"ddd") -> Wed | D35: B | E35: =Settings!$B$5 -> 18:30 | F35: E034 | G35: 1 Collect | H35: Field Sketch | I35: Field sketch | J35: 027 | K35: Synthesia | L35: Avatar | M35: Corporate training videos without a camera. | N35: Desk study: plans, use cases, limits | O35: Free plan limited (Field sketch) | P35: Confirmed program | Q35: Affiliate | R35: Synthesia: Corporate training videos without a camera | Specimen Nº027 | S35: #aiavatar #videomarketing #captions #specimindlab | T35: Planned
A36: 18 | B36: =Settings!$B$3+A36-1 -> 46331 | C36: =TEXT(B36,"ddd") -> Thu | D36: A | E36: =Settings!$B$4 -> 06:30 | F36: E035 | G36: 1 Collect | H36: Field Specimen | I36: Live specimen | J36: 016 | K36: Seedance (Dreamina) | L36: Video | M36: The free video model with no watermark. | N36: Product shot of a shoe turning on a plinth | O36: Free daily credits, 1080p no watermark (verify) | P36: Check for program | Q36: Affiliate if approved, else Unpaid | R36: Seedance (Dreamina): The free video model with no watermark | Specimen Nº016 | S36: #aivideo #videogeneration #filmmaking #specimindlab | T36: Planned
A37: 18 | B37: =Settings!$B$3+A37-1 -> 46331 | C37: =TEXT(B37,"ddd") -> Thu | D37: B | E37: =Settings!$B$5 -> 18:30 | F37: E036 | G37: 1 Collect | H37: Mimicry | I37: Live specimen | J37: M03 | K37: Kling 3.0 | L37: Video | M37: Rain on glass: filmed or Kling? | N37: Make the AI side on the free tier; shoot the real side ourselves; comment A or B | O37: Free: 66 credits/day, 720p, 5 s | P37: Check for program | Q37: Unpaid (the reveal names the tool) | R37: Rain on glass: filmed or Kling? | Mimicry M03 | S37: #aivideo #videogeneration #filmmaking #aiorreal #specimindlab | T37: Planned
A38: 19 | B38: =Settings!$B$3+A38-1 -> 46332 | C38: =TEXT(B38,"ddd") -> Fri | D38: A | E38: =Settings!$B$4 -> 06:30 | F38: E037 | G38: 1 Collect | H38: Dissection | I38: Live specimen | J38: D03 | K38: Ideogram + Photoroom + Lovable | L38: Image | M38: One idea to a launch page. | N38: Logo, product shot, landing page in under an hour | O38: Free tiers only | P38: Mixed | Q38: Affiliate on any approved specimen | R38: One idea to a launch page with free AI tools | Dissection D03 | S38: #aiart #aiimage #design #workflow #specimindlab | T38: Planned
A39: 19 | B39: =Settings!$B$3+A39-1 -> 46332 | C39: =TEXT(B39,"ddd") -> Fri | D39: B | E39: =Settings!$B$5 -> 18:30 | F39: E038 | G39: 1 Collect | H39: Rare Sighting | I39: Live specimen | J39: 028 | K39: Vizcom | L39: Image | M39: Industrial designers' sketch-to-render tool. | N39: Napkin sketch of a kettle to product render | O39: Free plan (verify) | P39: Check for program | Q39: Affiliate if approved, else Unpaid | R39: Vizcom: Industrial designers' sketch-to-render tool | Specimen Nº028 | S39: #aiart #aiimage #design #specimindlab | T39: Planned
A40: 20 | B40: =Settings!$B$3+A40-1 -> 46333 | C40: =TEXT(B40,"ddd") -> Sat | D40: A | E40: =Settings!$B$4 -> 06:30 | F40: E039 | G40: 1 Collect | H40: Field Specimen | I40: Live specimen | J40: 026 | K40: Recraft | L40: Image | M40: AI that outputs real vector files, not pixels. | N40: Icon set of 6 kitchen tools as SVG | O40: Free tier | P40: Check for program | Q40: Affiliate if approved, else Unpaid | R40: Recraft: AI that outputs real vector files, not pixels | Specimen Nº026 | S40: #aiart #aiimage #design #specimindlab | T40: Planned
A41: 20 | B41: =Settings!$B$3+A41-1 -> 46333 | C41: =TEXT(B41,"ddd") -> Sat | D41: B | E41: =Settings!$B$5 -> 18:30 | F41: E040 | G41: 1 Collect | H41: Free Range | I41: Live specimen | J41: 029 | K41: Google Stitch | L41: Build | M41: Describe an app screen, get editable designs. | N41: Plant-care app home screen, export | O41: Free (Google Labs) | P41: No program known (Unpaid) | Q41: Unpaid | R41: Google Stitch: Describe an app screen, get editable designs | Specimen Nº029 | S41: #nocode #vibecoding #appdev #specimindlab | T41: Planned
A42: 21 | B42: =Settings!$B$3+A42-1 -> 46334 | C42: =TEXT(B42,"ddd") -> Sun | D42: A | E42: =Settings!$B$4 -> 06:30 | F42: E041 | G42: 1 Collect | H42: The Drawer | I42: Built from the week's renders | J42: W03 | K42: This week's specimens | L42: All | M42: Week 3: every specimen we pinned. | N42: Recap each label + verdict in 30 s; end on next week's teaser | O42: No tool use | P42: n/a | Q42: Unpaid | R42: Every AI tool we tested this week | The Drawer W03 | S42: #aitools #weeklyrecap #specimindlab | T42: Planned
A43: 21 | B43: =Settings!$B$3+A43-1 -> 46334 | C43: =TEXT(B43,"ddd") -> Sun | D43: B | E43: =Settings!$B$5 -> 18:30 | F43: E042 | G43: 1 Collect | H43: Extinction Watch | I43: Field sketch | J43: X02 | K43: See test | L43: Any | M43: Free Gemini just got smaller | N43: From 9 Oct 2026 free users move to Flash-Lite; what still works free | O43: Desk study | P43: n/a | Q43: Unpaid | R43: Free Gemini just got smaller | Extinction Watch X02 | S43: #ainews #aitools #specimindlab | T43: Planned
A44: 22 | B44: =Settings!$B$3+A44-1 -> 46335 | C44: =TEXT(B44,"ddd") -> Mon | D44: A | E44: =Settings!$B$4 -> 06:30 | F44: E043 | G44: 1 Collect | H44: Field Specimen | I44: Live specimen | J44: 030 | K44: Suno | L44: Audio | M44: A full song from a two-line prompt. | N44: Lo-fi track about a lost umbrella; note structure | O44: Free daily credits, non-commercial | P44: Check for program | Q44: Affiliate if approved, else Unpaid | R44: Suno: A full song from a two-line prompt | Specimen Nº030 | S44: #aimusic #audio #soundeffects #specimindlab | T44: Planned
A45: 22 | B45: =Settings!$B$3+A45-1 -> 46335 | C45: =TEXT(B45,"ddd") -> Mon | D45: B | E45: =Settings!$B$5 -> 18:30 | F45: E044 | G45: 1 Collect | H45: Free Range | I45: Live specimen | J45: 031 | K45: Napkin | L45: Image | M45: Paste a paragraph, get a diagram. | N45: Paste our brand thesis, get 3 diagram options | O45: Free plan | P45: Check for program | Q45: Affiliate if approved, else Unpaid | R45: Napkin: Paste a paragraph, get a diagram | Specimen Nº031 | S45: #aiart #aiimage #design #specimindlab | T45: Planned
A46: 23 | B46: =Settings!$B$3+A46-1 -> 46336 | C46: =TEXT(B46,"ddd") -> Tue | D46: A | E46: =Settings!$B$4 -> 06:30 | F46: E045 | G46: 1 Collect | H46: Rare Sighting | I46: Live specimen | J46: 032 | K46: Tucky | L46: Work | M46: Notes docked to your screen edge, with an agent inside. | N46: Ask the agent to summarise a doc from the dock | O46: Free (verify) | P46: No program known (Unpaid) | Q46: Unpaid | R46: Tucky: Notes docked to your screen edge, with an agent inside | Specimen Nº032 | S46: #productivity #studytips #worktools #specimindlab | T46: Planned
A47: 23 | B47: =Settings!$B$3+A47-1 -> 46336 | C47: =TEXT(B47,"ddd") -> Tue | D47: B | E47: =Settings!$B$5 -> 18:30 | F47: E046 | G47: 1 Collect | H47: Field Specimen | I47: Live specimen | J47: 033 | K47: Wispr Flow | L47: Work | M47: Type with your voice at 3x speed? | N47: Dictate a 150-word email, count edits | O47: Free tier | P47: Check for program | Q47: Affiliate if approved, else Unpaid | R47: Wispr Flow: Type with your voice at 3x speed | Specimen Nº033 | S47: #productivity #studytips #worktools #specimindlab | T47: Planned
A48: 24 | B48: =Settings!$B$3+A48-1 -> 46337 | C48: =TEXT(B48,"ddd") -> Wed | D48: A | E48: =Settings!$B$4 -> 06:30 | F48: E047 | G48: 1 Collect | H48: Plate | I48: Live specimen | J48: P04 | K48: Photoroom vs Clipdrop vs Canva AI | L48: Image | M48: Same product photo, three cleanups. | N48: One cluttered-table shot of a candle | O48: All three on free tiers | P48: Check for program | Q48: Affiliate on any approved specimen | R48: Photoroom vs Clipdrop vs Canva AI: same product photo, three cleanups | Plate P04 | S48: #aiart #aiimage #design #aicomparison #specimindlab | T48: Planned
A49: 24 | B49: =Settings!$B$3+A49-1 -> 46337 | C49: =TEXT(B49,"ddd") -> Wed | D49: B | E49: =Settings!$B$5 -> 18:30 | F49: E048 | G49: 1 Collect | H49: Field Sketch | I49: Field sketch | J49: 036 | K49: Magnific | L49: Image | M49: The upscaler that invents detail. Is that honest? | N49: Desk study: before/after examples from public gallery | O49: Paid (Field sketch) | P49: Check for program | Q49: Affiliate if approved, else Unpaid | R49: Magnific: The upscaler that invents detail. Is that honest | Specimen Nº036 | S49: #aiart #aiimage #design #specimindlab | T49: Planned
A50: 25 | B50: =Settings!$B$3+A50-1 -> 46338 | C50: =TEXT(B50,"ddd") -> Thu | D50: A | E50: =Settings!$B$4 -> 06:30 | F50: E049 | G50: 1 Collect | H50: Field Specimen | I50: Live specimen | J50: 037 | K50: OpusClip | L50: Creator | M50: One long video, ten shorts, zero editing. | N50: Clip a 10-minute public-domain lecture | O50: Free monthly minutes | P50: Check for program | Q50: Affiliate if approved, else Unpaid | R50: OpusClip: One long video, ten shorts, zero editing | Specimen Nº037 | S50: #contentcreator #videoediting #shortsediting #specimindlab | T50: Planned
A51: 25 | B51: =Settings!$B$3+A51-1 -> 46338 | C51: =TEXT(B51,"ddd") -> Thu | D51: B | E51: =Settings!$B$5 -> 18:30 | F51: E050 | G51: 1 Collect | H51: Mimicry | I51: Live specimen | J51: M04 | K51: Gemini image | L51: Image | M51: A mountain at dawn: photo or Gemini? | N51: Make the AI side on the free tier; shoot the real side ourselves; comment A or B | O51: Free in Gemini app | P51: No program known (Unpaid) | Q51: Unpaid (the reveal names the tool) | R51: A mountain at dawn: photo or Gemini? | Mimicry M04 | S51: #aiart #aiimage #design #aiorreal #specimindlab | T51: Planned
A52: 26 | B52: =Settings!$B$3+A52-1 -> 46339 | C52: =TEXT(B52,"ddd") -> Fri | D52: A | E52: =Settings!$B$4 -> 06:30 | F52: E051 | G52: 1 Collect | H52: Dissection | I52: Live specimen | J52: D04 | K52: Gemini image + Kling 3.0 | L52: Image | M52: Still image to a short film shot. | N52: Generate a frame, animate it, add our own SFX | O52: Free tiers only | P52: Mixed | Q52: Affiliate on any approved specimen | R52: Still image to a short film shot with free AI tools | Dissection D04 | S52: #aiart #aiimage #design #workflow #specimindlab | T52: Planned
A53: 26 | B53: =Settings!$B$3+A53-1 -> 46339 | C53: =TEXT(B53,"ddd") -> Fri | D53: B | E53: =Settings!$B$5 -> 18:30 | F53: E052 | G53: 1 Collect | H53: Rare Sighting | I53: Live specimen | J53: 038 | K53: Socrates AI | L53: Work | M53: The AI that refuses to think for you. | N53: Ask it to write an essay; see what it does | O53: Free (verify) | P53: No program known (Unpaid) | Q53: Unpaid | R53: Socrates AI: The AI that refuses to think for you | Specimen Nº038 | S53: #productivity #studytips #worktools #specimindlab | T53: Planned
A54: 27 | B54: =Settings!$B$3+A54-1 -> 46340 | C54: =TEXT(B54,"ddd") -> Sat | D54: A | E54: =Settings!$B$4 -> 06:30 | F54: E053 | G54: 1 Collect | H54: Field Specimen | I54: Live specimen | J54: 039 | K54: Krea | L54: Image | M54: Draw badly. Watch it render in real time. | N54: Live canvas: stick figure to portrait | O54: Free tier | P54: Check for program | Q54: Affiliate if approved, else Unpaid | R54: Krea: Draw badly. Watch it render in real time | Specimen Nº039 | S54: #aiart #aiimage #design #specimindlab | T54: Planned
A55: 27 | B55: =Settings!$B$3+A55-1 -> 46340 | C55: =TEXT(B55,"ddd") -> Sat | D55: B | E55: =Settings!$B$5 -> 18:30 | F55: E054 | G55: 1 Collect | H55: Free Range | I55: Live specimen | J55: 040 | K55: ChatGPT Images 2.5 | L55: Image | M55: Can it finally spell a menu correctly? | N55: Cafe menu with 12 items; count spelling errors | O55: Free tier with limits | P55: No program known (Unpaid) | Q55: Unpaid | R55: ChatGPT Images 2.5: Can it finally spell a menu correctly | Specimen Nº040 | S55: #aiart #aiimage #design #specimindlab | T55: Planned
A56: 28 | B56: =Settings!$B$3+A56-1 -> 46341 | C56: =TEXT(B56,"ddd") -> Sun | D56: A | E56: =Settings!$B$4 -> 06:30 | F56: E055 | G56: 1 Collect | H56: The Drawer | I56: Built from the week's renders | J56: W04 | K56: This week's specimens | L56: All | M56: Week 4: every specimen we pinned. | N56: Recap each label + verdict in 30 s; end on next week's teaser | O56: No tool use | P56: n/a | Q56: Unpaid | R56: Every AI tool we tested this week | The Drawer W04 | S56: #aitools #weeklyrecap #specimindlab | T56: Planned
A57: 28 | B57: =Settings!$B$3+A57-1 -> 46341 | C57: =TEXT(B57,"ddd") -> Sun | D57: B | E57: =Settings!$B$5 -> 18:30 | F57: E056 | G57: 1 Collect | H57: Rare Sighting | I57: Live specimen | J57: 041 | K57: Minimi | L57: Work | M57: An AI cat that closes your open loops. | N57: Give it 5 loose tasks for a day | O57: Free tier (verify) | P57: No program known (Unpaid) | Q57: Unpaid | R57: Minimi: An AI cat that closes your open loops | Specimen Nº041 | S57: #productivity #studytips #worktools #specimindlab | T57: Planned
A58: 29 | B58: =Settings!$B$3+A58-1 -> 46342 | C58: =TEXT(B58,"ddd") -> Mon | D58: A | E58: =Settings!$B$4 -> 06:30 | F58: E057 | G58: 1 Collect | H58: Field Specimen | I58: Live specimen | J58: 015 | K58: Hailuo (MiniMax) | L58: Video | M58: The most free AI video clips per day? | N58: Cat jumping onto a windowsill, text-to-video | O58: Free daily clips | P58: Check for program | Q58: Affiliate if approved, else Unpaid | R58: Hailuo (MiniMax): The most free AI video clips per day | Specimen Nº015 | S58: #aivideo #videogeneration #filmmaking #specimindlab | T58: Planned
A59: 29 | B59: =Settings!$B$3+A59-1 -> 46342 | C59: =TEXT(B59,"ddd") -> Mon | D59: B | E59: =Settings!$B$5 -> 18:30 | F59: E058 | G59: 1 Collect | H59: Free Range | I59: Live specimen | J59: 042 | K59: Wan (open-source) | L59: Video | M59: Open-source AI video you can run for free. | N59: Text-to-video in a public HF Space; note queue time | O59: Open weights; free Hugging Face demos | P59: No program known (Unpaid) | Q59: Unpaid | R59: Wan (open-source): Open-source AI video you can run for free | Specimen Nº042 | S59: #aivideo #videogeneration #filmmaking #specimindlab | T59: Planned
A60: 30 | B60: =Settings!$B$3+A60-1 -> 46343 | C60: =TEXT(B60,"ddd") -> Tue | D60: A | E60: =Settings!$B$4 -> 06:30 | F60: E059 | G60: 1 Collect | H60: Rare Sighting | I60: Live specimen | J60: TBD | K60: Pick from that week's Product Hunt / Exploding Topics | L60: Any | M60: Spotted this week, before it trends. | N60: Find a launch < 7 days old with a free tier; one try | O60: Must have a free tier | P60: Check for program | Q60: Unpaid unless approved | R60: Rare sighting: <tool> | Specimen Nº<next> | S60: #aitools #newai #specimindlab | T60: Planned
A61: 30 | B61: =Settings!$B$3+A61-1 -> 46343 | C61: =TEXT(B61,"ddd") -> Tue | D61: B | E61: =Settings!$B$5 -> 18:30 | F61: E060 | G61: 1 Collect | H61: Field Specimen | I61: Live specimen | J61: 043 | K61: Bolt | L61: Build | M61: A website you can deploy in one prompt. | N61: Portfolio site from one prompt; deploy | O61: Free tokens | P61: Check for program | Q61: Affiliate if approved, else Unpaid | R61: Bolt: A website you can deploy in one prompt | Specimen Nº043 | S61: #nocode #vibecoding #appdev #specimindlab | T61: Planned
A62: 31 | B62: =Settings!$B$3+A62-1 -> 46344 | C62: =TEXT(B62,"ddd") -> Wed | D62: A | E62: =Settings!$B$4 -> 06:30 | F62: E061 | G62: 2 Classify | H62: Plate | I62: Live specimen | J62: P05 | K62: Suno vs Udio vs Producer AI | L62: Audio | M62: Same song prompt, three music models. | N62: 'Upbeat ukulele song about Mondays', 30 s | O62: All three on free tiers | P62: Check for program, No program known (Unpaid) | Q62: Affiliate on any approved specimen | R62: Suno vs Udio vs Producer AI: same song prompt, three music models | Plate P05 | S62: #aimusic #audio #soundeffects #aicomparison #specimindlab | T62: Planned
A63: 31 | B63: =Settings!$B$3+A63-1 -> 46344 | C63: =TEXT(B63,"ddd") -> Wed | D63: B | E63: =Settings!$B$5 -> 18:30 | F63: E062 | G63: 2 Classify | H63: Field Sketch | I63: Field sketch | J63: 046 | K63: Seedance 2.5 | L63: Video | M63: The video model everyone's asking about. | N63: Desk study: where it's available, cost per second | O63: Access varies (Field sketch) | P63: Check for program | Q63: Affiliate if approved, else Unpaid | R63: Seedance 2.5: The video model everyone's asking about | Specimen Nº046 | S63: #aivideo #videogeneration #filmmaking #specimindlab | T63: Planned
A64: 32 | B64: =Settings!$B$3+A64-1 -> 46345 | C64: =TEXT(B64,"ddd") -> Thu | D64: A | E64: =Settings!$B$4 -> 06:30 | F64: E063 | G64: 2 Classify | H64: Field Specimen | I64: Live specimen | J64: 047 | K64: Rodin (Hyper3D) | L64: 3D | M64: The most detailed AI 3D model we've pinned so far? | N64: Sneaker photo to high-detail mesh; zoom on stitching | O64: Free to generate; downloads paid (verify) | P64: Check for program | Q64: Affiliate if approved, else Unpaid | R64: Rodin (Hyper3D): The most detailed AI 3D model we've pinned so far | Specimen Nº047 | S64: #3dmodeling #ai3d #3dprinting #specimindlab | T64: Planned
A65: 32 | B65: =Settings!$B$3+A65-1 -> 46345 | C65: =TEXT(B65,"ddd") -> Thu | D65: B | E65: =Settings!$B$5 -> 18:30 | F65: E064 | G65: 2 Classify | H65: Mimicry | I65: Live specimen | J65: M05 | K65: Adobe Firefly | L65: Image | M65: A living room: staged or Firefly? | N65: Make the AI side on the free tier; shoot the real side ourselves; comment A or B | O65: Free monthly generative credits | P65: Check for program | Q65: Unpaid (the reveal names the tool) | R65: A living room: staged or Firefly? | Mimicry M05 | S65: #aiart #aiimage #design #aiorreal #specimindlab | T65: Planned
A66: 33 | B66: =Settings!$B$3+A66-1 -> 46346 | C66: =TEXT(B66,"ddd") -> Fri | D66: A | E66: =Settings!$B$4 -> 06:30 | F66: E065 | G66: 2 Classify | H66: Dissection | I66: Live specimen | J66: D05 | K66: Photoroom + Seedance (Dreamina) | L66: Image | M66: Product photo to a 6-second ad. | N66: Clean shot, then a slow orbit video | O66: Free tiers only | P66: Mixed | Q66: Affiliate on any approved specimen | R66: Product photo to a 6-second ad with free AI tools | Dissection D05 | S66: #aiart #aiimage #design #workflow #specimindlab | T66: Planned
A67: 33 | B67: =Settings!$B$3+A67-1 -> 46346 | C67: =TEXT(B67,"ddd") -> Fri | D67: B | E67: =Settings!$B$5 -> 18:30 | F67: E066 | G67: 2 Classify | H67: Rare Sighting | I67: Live specimen | J67: TBD | K67: Pick from that week's Product Hunt / Exploding Topics | L67: Any | M67: Spotted this week, before it trends. | N67: Find a launch < 7 days old with a free tier; one try | O67: Must have a free tier | P67: Check for program | Q67: Unpaid unless approved | R67: Rare sighting: <tool> | Specimen Nº<next> | S67: #aitools #newai #specimindlab | T67: Planned
A68: 34 | B68: =Settings!$B$3+A68-1 -> 46347 | C68: =TEXT(B68,"ddd") -> Sat | D68: A | E68: =Settings!$B$4 -> 06:30 | F68: E067 | G68: 2 Classify | H68: Field Specimen | I68: Live specimen | J68: 049 | K68: Leonardo | L68: Image | M68: Game concept art on a free daily allowance. | N68: Character sheet: front, side, back | O68: Free daily tokens | P68: Check for program | Q68: Affiliate if approved, else Unpaid | R68: Leonardo: Game concept art on a free daily allowance | Specimen Nº049 | S68: #aiart #aiimage #design #specimindlab | T68: Planned
A69: 34 | B69: =Settings!$B$3+A69-1 -> 46347 | C69: =TEXT(B69,"ddd") -> Sat | D69: B | E69: =Settings!$B$5 -> 18:30 | F69: E068 | G69: 2 Classify | H69: Free Range | I69: Live specimen | J69: 050 | K69: Lisen | L69: Audio | M69: Free read-aloud for any webpage. | N69: Read a long article; note voice quality | O69: Free (Chrome extension) | P69: No program known (Unpaid) | Q69: Unpaid | R69: Lisen: Free read-aloud for any webpage | Specimen Nº050 | S69: #aimusic #audio #soundeffects #specimindlab | T69: Planned
A70: 35 | B70: =Settings!$B$3+A70-1 -> 46348 | C70: =TEXT(B70,"ddd") -> Sun | D70: A | E70: =Settings!$B$4 -> 06:30 | F70: E069 | G70: 2 Classify | H70: The Drawer | I70: Built from the week's renders | J70: W05 | K70: This week's specimens | L70: All | M70: Week 5: every specimen we pinned. | N70: Recap each label + verdict in 30 s; end on next week's teaser | O70: No tool use | P70: n/a | Q70: Unpaid | R70: Every AI tool we tested this week | The Drawer W05 | S70: #aitools #weeklyrecap #specimindlab | T70: Planned
A71: 35 | B71: =Settings!$B$3+A71-1 -> 46348 | C71: =TEXT(B71,"ddd") -> Sun | D71: B | E71: =Settings!$B$5 -> 18:30 | F71: E070 | G71: 2 Classify | H71: Extinction Watch | I71: Field sketch | J71: X03 | K71: See test | L71: Any | M71: The AI Pin that didn't survive | N71: Humane AI Pin: what it promised, why it ended (verify dates) | O71: Desk study | P71: n/a | Q71: Unpaid | R71: The AI Pin that didn't survive | Extinction Watch X03 | S71: #ainews #aitools #specimindlab | T71: Planned
A72: 36 | B72: =Settings!$B$3+A72-1 -> 46349 | C72: =TEXT(B72,"ddd") -> Mon | D72: A | E72: =Settings!$B$4 -> 06:30 | F72: E071 | G72: 2 Classify | H72: Field Specimen | I72: Live specimen | J72: 051 | K72: Granola | L72: Work | M72: Meeting notes without a bot joining the call. | N72: Mock 5-minute meeting; compare notes to transcript | O72: Free tier | P72: Check for program | Q72: Affiliate if approved, else Unpaid | R72: Granola: Meeting notes without a bot joining the call | Specimen Nº051 | S72: #productivity #studytips #worktools #specimindlab | T72: Planned
A73: 36 | B73: =Settings!$B$3+A73-1 -> 46349 | C73: =TEXT(B73,"ddd") -> Mon | D73: B | E73: =Settings!$B$5 -> 18:30 | F73: E072 | G73: 2 Classify | H73: Free Range | I73: Live specimen | J73: 052 | K73: Postiz | L73: Creator | M73: The free open-source post scheduler. | N73: Schedule one post to 3 platforms | O73: Open-source, free self-host | P73: Check for program | Q73: Affiliate if approved, else Unpaid | R73: Postiz: The free open-source post scheduler | Specimen Nº052 | S73: #contentcreator #videoediting #shortsediting #specimindlab | T73: Planned
A74: 37 | B74: =Settings!$B$3+A74-1 -> 46350 | C74: =TEXT(B74,"ddd") -> Tue | D74: A | E74: =Settings!$B$4 -> 06:30 | F74: E073 | G74: 2 Classify | H74: Rare Sighting | I74: Live specimen | J74: TBD | K74: Pick from that week's Product Hunt / Exploding Topics | L74: Any | M74: Spotted this week, before it trends. | N74: Find a launch < 7 days old with a free tier; one try | O74: Must have a free tier | P74: Check for program | Q74: Unpaid unless approved | R74: Rare sighting: <tool> | Specimen Nº<next> | S74: #aitools #newai #specimindlab | T74: Planned
A75: 37 | B75: =Settings!$B$3+A75-1 -> 46350 | C75: =TEXT(B75,"ddd") -> Tue | D75: B | E75: =Settings!$B$5 -> 18:30 | F75: E074 | G75: 2 Classify | H75: Field Specimen | I75: Live specimen | J75: 053 | K75: Higgsfield | L75: Video | M75: Camera moves you'd normally need a drone for. | N75: Crash-zoom preset on a city photo | O75: Free tier, watermarked | P75: Check for program | Q75: Affiliate if approved, else Unpaid | R75: Higgsfield: Camera moves you'd normally need a drone for | Specimen Nº053 | S75: #aivideo #videogeneration #filmmaking #specimindlab | T75: Planned
A76: 38 | B76: =Settings!$B$3+A76-1 -> 46351 | C76: =TEXT(B76,"ddd") -> Wed | D76: A | E76: =Settings!$B$4 -> 06:30 | F76: E075 | G76: 2 Classify | H76: Plate | I76: Live specimen | J76: P06 | K76: Lovable vs Bolt vs v0 | L76: Build | M76: Same app idea, three builders. | N76: 'A water-intake tracker with a weekly chart' | O76: All three on free tiers | P76: Check for program | Q76: Affiliate on any approved specimen | R76: Lovable vs Bolt vs v0: same app idea, three builders | Plate P06 | S76: #nocode #vibecoding #appdev #aicomparison #specimindlab | T76: Planned
A77: 38 | B77: =Settings!$B$3+A77-1 -> 46351 | C77: =TEXT(B77,"ddd") -> Wed | D77: B | E77: =Settings!$B$5 -> 18:30 | F77: E076 | G77: 2 Classify | H77: Field Sketch | I77: Field sketch | J77: 055 | K77: Colossyan | L77: Avatar | M77: Avatars that act out scenarios. | N77: Desk study: conversation-mode demo | O77: Trial (Field sketch) | P77: Confirmed program | Q77: Affiliate | R77: Colossyan: Avatars that act out scenarios | Specimen Nº055 | S77: #aiavatar #videomarketing #captions #specimindlab | T77: Planned
A78: 39 | B78: =Settings!$B$3+A78-1 -> 46352 | C78: =TEXT(B78,"ddd") -> Thu | D78: A | E78: =Settings!$B$4 -> 06:30 | F78: E077 | G78: 2 Classify | H78: Field Specimen | I78: Live specimen | J78: 048 | K78: Adobe Firefly | L78: Image | M78: Adobe's AI that's trained to be commercially safe. | N78: Generative expand a vertical photo to horizontal | O78: Free monthly generative credits | P78: Check for program | Q78: Affiliate if approved, else Unpaid | R78: Adobe Firefly: Adobe's AI that's trained to be commercially safe | Specimen Nº048 | S78: #aiart #aiimage #design #specimindlab | T78: Planned
A79: 39 | B79: =Settings!$B$3+A79-1 -> 46352 | C79: =TEXT(B79,"ddd") -> Thu | D79: B | E79: =Settings!$B$5 -> 18:30 | F79: E078 | G79: 2 Classify | H79: Mimicry | I79: Live specimen | J79: M06 | K79: Hailuo (MiniMax) | L79: Video | M79: A cat jump: filmed or Hailuo? | N79: Make the AI side on the free tier; shoot the real side ourselves; comment A or B | O79: Free daily clips | P79: Check for program | Q79: Unpaid (the reveal names the tool) | R79: A cat jump: filmed or Hailuo? | Mimicry M06 | S79: #aivideo #videogeneration #filmmaking #aiorreal #specimindlab | T79: Planned
A80: 40 | B80: =Settings!$B$3+A80-1 -> 46353 | C80: =TEXT(B80,"ddd") -> Fri | D80: A | E80: =Settings!$B$4 -> 06:30 | F80: E079 | G80: 2 Classify | H80: Dissection | I80: Live specimen | J80: D06 | K80: NotebookLM + OpusClip | L80: Work | M80: A PDF to a podcast to a short. | N80: Public-domain essay to audio overview to clip | O80: Free tiers only | P80: Mixed | Q80: Affiliate on any approved specimen | R80: A PDF to a podcast to a short with free AI tools | Dissection D06 | S80: #productivity #studytips #worktools #workflow #specimindlab | T80: Planned
A81: 40 | B81: =Settings!$B$3+A81-1 -> 46353 | C81: =TEXT(B81,"ddd") -> Fri | D81: B | E81: =Settings!$B$5 -> 18:30 | F81: E080 | G81: 2 Classify | H81: Rare Sighting | I81: Live specimen | J81: TBD | K81: Pick from that week's Product Hunt / Exploding Topics | L81: Any | M81: Spotted this week, before it trends. | N81: Find a launch < 7 days old with a free tier; one try | O81: Must have a free tier | P81: Check for program | Q81: Unpaid unless approved | R81: Rare sighting: <tool> | Specimen Nº<next> | S81: #aitools #newai #specimindlab | T81: Planned
A82: 41 | B82: =Settings!$B$3+A82-1 -> 46354 | C82: =TEXT(B82,"ddd") -> Sat | D82: A | E82: =Settings!$B$4 -> 06:30 | F82: E081 | G82: 2 Classify | H82: Field Specimen | I82: Live specimen | J82: 056 | K82: Captions | L82: Avatar | M82: Auto-captions that look designed. | N82: Caption a 20 s clip, count timing errors | O82: Free tier (verify) | P82: Check for program | Q82: Affiliate if approved, else Unpaid | R82: Captions: Auto-captions that look designed | Specimen Nº056 | S82: #aiavatar #videomarketing #captions #specimindlab | T82: Planned
A83: 41 | B83: =Settings!$B$3+A83-1 -> 46354 | C83: =TEXT(B83,"ddd") -> Sat | D83: B | E83: =Settings!$B$5 -> 18:30 | F83: E082 | G83: 2 Classify | H83: Free Range | I83: Live specimen | J83: 057 | K83: n8n | L83: Build | M83: The free automation tool power users self-host. | N83: Workflow: new YouTube upload to X post | O83: Free self-hosted | P83: Check for program | Q83: Affiliate if approved, else Unpaid | R83: n8n: The free automation tool power users self-host | Specimen Nº057 | S83: #nocode #vibecoding #appdev #specimindlab | T83: Planned
A84: 42 | B84: =Settings!$B$3+A84-1 -> 46355 | C84: =TEXT(B84,"ddd") -> Sun | D84: A | E84: =Settings!$B$4 -> 06:30 | F84: E083 | G84: 2 Classify | H84: The Drawer | I84: Built from the week's renders | J84: W06 | K84: This week's specimens | L84: All | M84: Week 6: every specimen we pinned. | N84: Recap each label + verdict in 30 s; end on next week's teaser | O84: No tool use | P84: n/a | Q84: Unpaid | R84: Every AI tool we tested this week | The Drawer W06 | S84: #aitools #weeklyrecap #specimindlab | T84: Planned
A85: 42 | B85: =Settings!$B$3+A85-1 -> 46355 | C85: =TEXT(B85,"ddd") -> Sun | D85: B | E85: =Settings!$B$5 -> 18:30 | F85: E084 | G85: 2 Classify | H85: Rare Sighting | I85: Live specimen | J85: TBD | K85: Pick from that week's Product Hunt / Exploding Topics | L85: Any | M85: Spotted this week, before it trends. | N85: Find a launch < 7 days old with a free tier; one try | O85: Must have a free tier | P85: Check for program | Q85: Unpaid unless approved | R85: Rare sighting: <tool> | Specimen Nº<next> | S85: #aitools #newai #specimindlab | T85: Planned
A86: 43 | B86: =Settings!$B$3+A86-1 -> 46356 | C86: =TEXT(B86,"ddd") -> Mon | D86: A | E86: =Settings!$B$4 -> 06:30 | F86: E085 | G86: 2 Classify | H86: Field Specimen | I86: Live specimen | J86: 054 | K86: v0 | L86: Build | M86: UI components from a screenshot. | N86: Screenshot of a pricing page to working UI | O86: Free credits | P86: Check for program | Q86: Affiliate if approved, else Unpaid | R86: v0: UI components from a screenshot | Specimen Nº054 | S86: #nocode #vibecoding #appdev #specimindlab | T86: Planned
A87: 43 | B87: =Settings!$B$3+A87-1 -> 46356 | C87: =TEXT(B87,"ddd") -> Mon | D87: B | E87: =Settings!$B$5 -> 18:30 | F87: E086 | G87: 2 Classify | H87: Free Range | I87: Live specimen | J87: 045 | K87: Producer AI | L87: Audio | M87: Google's music collaborator, now in Labs. | N87: Build a melody, then change genre twice | O87: Free in Google Labs (verify) | P87: No program known (Unpaid) | Q87: Unpaid | R87: Producer AI: Google's music collaborator, now in Labs | Specimen Nº045 | S87: #aimusic #audio #soundeffects #specimindlab | T87: Planned
A88: 44 | B88: =Settings!$B$3+A88-1 -> 46357 | C88: =TEXT(B88,"ddd") -> Tue | D88: A | E88: =Settings!$B$4 -> 06:30 | F88: E087 | G88: 2 Classify | H88: Rare Sighting | I88: Live specimen | J88: TBD | K88: Pick from that week's Product Hunt / Exploding Topics | L88: Any | M88: Spotted this week, before it trends. | N88: Find a launch < 7 days old with a free tier; one try | O88: Must have a free tier | P88: Check for program | Q88: Unpaid unless approved | R88: Rare sighting: <tool> | Specimen Nº<next> | S88: #aitools #newai #specimindlab | T88: Planned
A89: 44 | B89: =Settings!$B$3+A89-1 -> 46357 | C89: =TEXT(B89,"ddd") -> Tue | D89: B | E89: =Settings!$B$5 -> 18:30 | F89: E088 | G89: 2 Classify | H89: Field Specimen | I89: Live specimen | J89: 058 | K89: Runway | L89: Video | M89: Can you edit a video by describing the change? | N89: Change the weather in a 5 s clip from sunny to snow | O89: One-time free credits (verify) | P89: Check for program | Q89: Affiliate if approved, else Unpaid | R89: Runway: Can you edit a video by describing the change | Specimen Nº058 | S89: #aivideo #videogeneration #filmmaking #specimindlab | T89: Planned
A90: 45 | B90: =Settings!$B$3+A90-1 -> 46358 | C90: =TEXT(B90,"ddd") -> Wed | D90: A | E90: =Settings!$B$4 -> 06:30 | F90: E089 | G90: 2 Classify | H90: Plate | I90: Live specimen | J90: P07 | K90: Gamma vs Canva AI vs Napkin | L90: Work | M90: Same brief, three deck makers. | N90: 5-slide deck: how compost works | O90: All three on free tiers | P90: Check for program | Q90: Affiliate on any approved specimen | R90: Gamma vs Canva AI vs Napkin: same brief, three deck makers | Plate P07 | S90: #productivity #studytips #worktools #aicomparison #specimindlab | T90: Planned
A91: 45 | B91: =Settings!$B$3+A91-1 -> 46358 | C91: =TEXT(B91,"ddd") -> Wed | D91: B | E91: =Settings!$B$5 -> 18:30 | F91: E090 | G91: 2 Classify | H91: Field Sketch | I91: Field sketch | J91: 059 | K91: Perplexity Computer | L91: Work | M91: An AI that runs a whole project for you? | N91: Desk study: what it claims, what it costs | O91: Usage-based, paid (Field sketch) | P91: Check for program | Q91: Affiliate if approved, else Unpaid | R91: Perplexity Computer: An AI that runs a whole project for you | Specimen Nº059 | S91: #productivity #studytips #worktools #specimindlab | T91: Planned
A92: 46 | B92: =Settings!$B$3+A92-1 -> 46359 | C92: =TEXT(B92,"ddd") -> Thu | D92: A | E92: =Settings!$B$4 -> 06:30 | F92: E091 | G92: 2 Classify | H92: Field Specimen | I92: Live specimen | J92: 044 | K92: Udio | L92: Audio | M92: Can AI write a believable jazz trio? | N92: 30 s jazz trio, check instrument separation | O92: Free tier (verify) | P92: Check for program | Q92: Affiliate if approved, else Unpaid | R92: Udio: Can AI write a believable jazz trio | Specimen Nº044 | S92: #aimusic #audio #soundeffects #specimindlab | T92: Planned
A93: 46 | B93: =Settings!$B$3+A93-1 -> 46359 | C93: =TEXT(B93,"ddd") -> Thu | D93: B | E93: =Settings!$B$5 -> 18:30 | F93: E092 | G93: 2 Classify | H93: Mimicry | I93: Live specimen | J93: M07 | K93: Suno | L93: Audio | M93: A song intro: human or Suno? | N93: Make the AI side on the free tier; shoot the real side ourselves; comment A or B | O93: Free daily credits, non-commercial | P93: Check for program | Q93: Unpaid (the reveal names the tool) | R93: A song intro: human or Suno? | Mimicry M07 | S93: #aimusic #audio #soundeffects #aiorreal #specimindlab | T93: Planned
A94: 47 | B94: =Settings!$B$3+A94-1 -> 46360 | C94: =TEXT(B94,"ddd") -> Fri | D94: A | E94: =Settings!$B$4 -> 06:30 | F94: E093 | G94: 2 Classify | H94: Dissection | I94: Live specimen | J94: D07 | K94: AudioPen + Napkin | L94: Work | M94: Voice memo to a carousel. | N94: 60 s ramble to 5-slide diagram carousel | O94: Free tiers only | P94: Mixed | Q94: Affiliate on any approved specimen | R94: Voice memo to a carousel with free AI tools | Dissection D07 | S94: #productivity #studytips #worktools #workflow #specimindlab | T94: Planned
A95: 47 | B95: =Settings!$B$3+A95-1 -> 46360 | C95: =TEXT(B95,"ddd") -> Fri | D95: B | E95: =Settings!$B$5 -> 18:30 | F95: E094 | G95: 2 Classify | H95: Rare Sighting | I95: Live specimen | J95: TBD | K95: Pick from that week's Product Hunt / Exploding Topics | L95: Any | M95: Spotted this week, before it trends. | N95: Find a launch < 7 days old with a free tier; one try | O95: Must have a free tier | P95: Check for program | Q95: Unpaid unless approved | R95: Rare sighting: <tool> | Specimen Nº<next> | S95: #aitools #newai #specimindlab | T95: Planned
A96: 48 | B96: =Settings!$B$3+A96-1 -> 46361 | C96: =TEXT(B96,"ddd") -> Sat | D96: A | E96: =Settings!$B$4 -> 06:30 | F96: E095 | G96: 2 Classify | H96: Field Specimen | I96: Live specimen | J96: 061 | K96: Spline | L96: 3D | M96: An AI 3D scene you can embed on a website. | N96: Prompt a floating island scene, publish free link | O96: Free plan | P96: Check for program | Q96: Affiliate if approved, else Unpaid | R96: Spline: An AI 3D scene you can embed on a website | Specimen Nº061 | S96: #3dmodeling #ai3d #3dprinting #specimindlab | T96: Planned
A97: 48 | B97: =Settings!$B$3+A97-1 -> 46361 | C97: =TEXT(B97,"ddd") -> Sat | D97: B | E97: =Settings!$B$5 -> 18:30 | F97: E096 | G97: 2 Classify | H97: Free Range | I97: Live specimen | J97: 062 | K97: Meta Edits AI agent | L97: Creator | M97: Instagram's own editor now has an AI agent. | N97: Ask it to cut a 40 s clip to 15 s | O97: Free in Edits app | P97: No program known (Unpaid) | Q97: Unpaid | R97: Meta Edits AI agent: Instagram's own editor now has an AI agent | Specimen Nº062 | S97: #contentcreator #videoediting #shortsediting #specimindlab | T97: Planned
A98: 49 | B98: =Settings!$B$3+A98-1 -> 46362 | C98: =TEXT(B98,"ddd") -> Sun | D98: A | E98: =Settings!$B$4 -> 06:30 | F98: E097 | G98: 2 Classify | H98: The Drawer | I98: Built from the week's renders | J98: W07 | K98: This week's specimens | L98: All | M98: Week 7: every specimen we pinned. | N98: Recap each label + verdict in 30 s; end on next week's teaser | O98: No tool use | P98: n/a | Q98: Unpaid | R98: Every AI tool we tested this week | The Drawer W07 | S98: #aitools #weeklyrecap #specimindlab | T98: Planned
A99: 49 | B99: =Settings!$B$3+A99-1 -> 46362 | C99: =TEXT(B99,"ddd") -> Sun | D99: B | E99: =Settings!$B$5 -> 18:30 | F99: E098 | G99: 2 Classify | H99: Extinction Watch | I99: Field sketch | J99: X04 | K99: See test | L99: Any | M99: When a free tier goes extinct | N99: A tool that cut or shrank its free plan this quarter (research that week) | O99: Desk study | P99: n/a | Q99: Unpaid | R99: When a free tier goes extinct | Extinction Watch X04 | S99: #ainews #aitools #specimindlab | T99: Planned
A100: 50 | B100: =Settings!$B$3+A100-1 -> 46363 | C100: =TEXT(B100,"ddd") -> Mon | D100: A | E100: =Settings!$B$4 -> 06:30 | F100: E099 | G100: 2 Classify | H100: Field Specimen | I100: Live specimen | J100: 063 | K100: Luma Dream Machine | L100: Video | M100: Keyframe A, keyframe B. AI fills the middle. | N100: Start and end frame of a paper plane path | O100: Free tier (verify) | P100: Check for program | Q100: Affiliate if approved, else Unpaid | R100: Luma Dream Machine: Keyframe A, keyframe B. AI fills the middle | Specimen Nº063 | S100: #aivideo #videogeneration #filmmaking #specimindlab | T100: Planned
...

Sheet Settings
A1: SPECIMIND - 90-day calendar settings
A3: Start date (Day 1, a Monday) | B3: 46314 | C3: Edit this cell. Every date in the Calendar recalculates. The weekly series pattern assumes Day 1 is a Monday.
A4: Slot A post time (IST) | B4: 06:30 | C4: Equals 9:00 pm ET the previous evening (US prime time)
A5: Slot B post time (IST) | B5: 18:30 | C5: Equals 9:00 am ET (US morning), 1:00 pm UK
A6: Last day (formula) | B6: =B3+89 -> 46403
A8: Legend
A9: Yellow cell, blue text | C9: An input you can change
A10: Code column | C10: What viewers comment / type: 001 = catalog number, P = Plate, D = Dissection, M = Mimicry, W = Drawer, X = Extinction
A11: Draft hook | C11: A starting line only. Rewrite it after the real test so it states what actually happened.
A12: Affiliate status | C12: 'Confirmed program' = a public program found in research (apply; approval not guaranteed). 'Check' = look for one before the episode. Free-tier notes marked 'verify' must be re-checked the week of filming.
A13: Label | C13: Shown on the pinned label for the whole video. Use 'Affiliate' only once you are approved and the link in the hub is yours.
A14: Status | C14: Planned > Researched > Captured > Rendered > Posted

Sheet Catalog
A1: Nº | B1: Tool | C1: Pillar | D1: First episode | E1: First date | F1: Free path (re-verify before filming) | G1: Affiliate status | H1: Source / note
A2: 001 | B2: Tripo | C2: 3D | D2: =Calendar!F2 -> E001 | E2: =Calendar!B2 -> 46314 | F2: Free: 200 credits/mo, models public + non-commercial | G2: Confirmed program | H2: https://www.tripo3d.ai/affiliate
A3: 002 | B3: Hunyuan3D | C3: 3D | D3: =Calendar!F3 -> E002 | E3: =Calendar!B3 -> 46314 | F3: Free: ~20 generations/day, open weights | G3: No program known (Unpaid) | H3: Free-tier note from 2026 comparison articles; verify
A4: 003 | B4: TRELLIS 2 | C4: 3D | D4: =Calendar!F4 -> E003 | E4: =Calendar!B4 -> 46315 | F4: Open-source; free Hugging Face Space demo | G4: No program known (Unpaid) | H4: Free-tier note from 2026 comparison articles; verify
A5: 004 | B5: Kling 3.0 | C5: Video | D5: =Calendar!F5 -> E004 | E5: =Calendar!B5 -> 46315 | F5: Free: 66 credits/day, 720p, 5 s | G5: Check for program | H5: Free-tier note from 2026 comparison articles; verify
A6: 005 | B6: Meshy | C6: 3D | D6: =Calendar!F6 -> E005 | E6: =Calendar!B6 -> 46316 | F6: Free: 100 credits/mo, CC BY 4.0 (credit Meshy) | G6: Check for program | H6: Free-tier note from 2026 comparison articles; verify
A7: 006 | B7: Midjourney | C7: Image | D7: =Calendar!F7 -> E006 | E7: =Calendar!B7 -> 46316 | F7: No free tier (Field sketch) | G7: Check for program | H7: Free-tier note from 2026 comparison articles; verify
A8: 007 | B8: ElevenLabs | C8: Audio | D8: =Calendar!F8 -> E007 | E8: =Calendar!B8 -> 46317 | F8: Free: monthly characters, attribution required | G8: Confirmed program | H8: https://zplatform.ai/best-ai-tools/best-ai-affiliate-programs/
A9: 008 | B9: Photoroom | C9: Image | D9: =Calendar!F9 -> E008 | E9: =Calendar!B9 -> 46317 | F9: Free tier | G9: Check for program | H9: Free-tier note from 2026 comparison articles; verify
A10: 009 | B10: Hitem3D | C10: 3D | D10: =Calendar!F11 -> E010 | E10: =Calendar!B11 -> 46318 | F10: Free tier (verify) | G10: Check for program | H10: Verify on the tool's pricing page
A11: 010 | B11: Gamma | C11: Work | D11: =Calendar!F12 -> E011 | E11: =Calendar!B12 -> 46319 | F11: Free credits | G11: Check for program | H11: Free-tier note from 2026 comparison articles; verify
A12: 011 | B12: Gemini image | C12: Image | D12: =Calendar!F13 -> E012 | E12: =Calendar!B13 -> 46319 | F12: Free in Gemini app | G12: No program known (Unpaid) | H12: Free-tier note from 2026 comparison articles; verify
A13: 012 | B13: NotebookLM | C13: Work | D13: =Calendar!F17 -> E016 | E13: =Calendar!B17 -> 46321 | F13: Free | G13: No program known (Unpaid) | H13: Free-tier note from 2026 comparison articles; verify
A14: 013 | B14: Happy Shrimp | C14: Audio | D14: =Calendar!F18 -> E017 | E14: =Calendar!B18 -> 46322 | F14: Free (verify) | G14: No program known (Unpaid) | H14: Verify on the tool's pricing page
A15: 014 | B15: Lovable | C15: Build | D15: =Calendar!F19 -> E018 | E15: =Calendar!B19 -> 46322 | F15: Free daily credits | G15: Check for program | H15: Free-tier note from 2026 comparison articles; verify
A16: 015 | B16: Hailuo (MiniMax) | C16: Video | D16: =Calendar!F20 -> E019 | E16: =Calendar!B20 -> 46323 | F16: Free daily clips | G16: Check for program | H16: Free-tier note from 2026 comparison articles; verify
A17: 016 | B17: Seedance (Dreamina) | C17: Video | D17: =Calendar!F20 -> E019 | E17: =Calendar!B20 -> 46323 | F17: Free daily credits, 1080p no watermark (verify) | G17: Check for program | H17: Verify on the tool's pricing page
A18: 017 | B18: Veo 3.1 (Flow) | C18: Video | D18: =Calendar!F21 -> E020 | E18: =Calendar!B21 -> 46323 | F18: Paid Google AI plan (Field sketch) | G18: No program known (Unpaid) | H18: Free-tier note from 2026 comparison articles; verify
A19: 018 | B19: Hookest | C19: Creator | D19: =Calendar!F25 -> E024 | E19: =Calendar!B25 -> 46325 | F19: Free tier (verify) | G19: Check for program | H19: Verify on the tool's pricing page
A20: 019 | B20: Ideogram | C20: Image | D20: =Calendar!F26 -> E025 | E20: =Calendar!B26 -> 46326 | F20: Free daily credits | G20: Check for program | H20: Free-tier note from 2026 comparison articles; verify
A21: 020 | B21: Adobe Podcast Enhance | C21: Audio | D21: =Calendar!F27 -> E026 | E21: =Calendar!B27 -> 46326 | F21: Free tier | G21: No program known (Unpaid) | H21: Free-tier note from 2026 comparison articles; verify
A22: 021 | B22: Chit | C22: Work | D22: =Calendar!F29 -> E028 | E22: =Calendar!B29 -> 46327 | F22: Free (verify) | G22: No program known (Unpaid) | H22: Verify on the tool's pricing page
A23: 022 | B23: HeyGen | C23: Avatar | D23: =Calendar!F30 -> E029 | E23: =Calendar!B30 -> 46328 | F23: Free plan, short videos | G23: Confirmed program | H23: https://zplatform.ai/best-ai-tools/best-ai-affiliate-programs/
A24: 023 | B24: Goblin Tools | C24: Work | D24: =Calendar!F31 -> E030 | E24: =Calendar!B31 -> 46328 | F24: Free | G24: No program known (Unpaid) | H24: Free-tier note from 2026 comparison articles; verify
A25: 024 | B25: Lovart | C25: Image | D25: =Calendar!F32 -> E031 | E25: =Calendar!B32 -> 46329 | F25: Free credits (verify) | G25: Check for program | H25: Verify on the tool's pricing page
A26: 025 | B26: Descript | C26: Creator | D26: =Calendar!F33 -> E032 | E26: =Calendar!B33 -> 46329 | F26: Free plan | G26: Confirmed program | H26: https://zplatform.ai/best-ai-tools/best-ai-affiliate-programs/
A27: 026 | B27: Recraft | C27: Image | D27: =Calendar!F34 -> E033 | E27: =Calendar!B34 -> 46330 | F27: Free tier | G27: Check for program | H27: Free-tier note from 2026 comparison articles; verify
A28: 027 | B28: Synthesia | C28: Avatar | D28: =Calendar!F35 -> E034 | E28: =Calendar!B35 -> 46330 | F28: Free plan limited (Field sketch) | G28: Confirmed program | H28: https://affiliatejob.org/blog/highest-paying-ai-tool-affiliate-programs-2026
A29: 028 | B29: Vizcom | C29: Image | D29: =Calendar!F39 -> E038 | E29: =Calendar!B39 -> 46332 | F29: Free plan (verify) | G29: Check for program | H29: Verify on the tool's pricing page
A30: 029 | B30: Google Stitch | C30: Build | D30: =Calendar!F41 -> E040 | E30: =Calendar!B41 -> 46333 | F30: Free (Google Labs) | G30: No program known (Unpaid) | H30: Free-tier note from 2026 comparison articles; verify
A31: 030 | B31: Suno | C31: Audio | D31: =Calendar!F44 -> E043 | E31: =Calendar!B44 -> 46335 | F31: Free daily credits, non-commercial | G31: Check for program | H31: Free-tier note from 2026 comparison articles; verify
A32: 031 | B32: Napkin | C32: Image | D32: =Calendar!F45 -> E044 | E32: =Calendar!B45 -> 46335 | F32: Free plan | G32: Check for program | H32: Free-tier note from 2026 comparison articles; verify
A33: 032 | B33: Tucky | C33: Work | D33: =Calendar!F46 -> E045 | E33: =Calendar!B46 -> 46336 | F33: Free (verify) | G33: No program known (Unpaid) | H33: Verify on the tool's pricing page
A34: 033 | B34: Wispr Flow | C34: Work | D34: =Calendar!F47 -> E046 | E34: =Calendar!B47 -> 46336 | F34: Free tier | G34: Check for program | H34: Free-tier note from 2026 comparison articles; verify
A35: 034 | B35: Clipdrop | C35: Image | D35: =Calendar!F48 -> E047 | E35: =Calendar!B48 -> 46337 | F35: Free tools with limits | G35: Check for program | H35: Free-tier note from 2026 comparison articles; verify
A36: 035 | B36: Canva AI | C36: Image | D36: =Calendar!F48 -> E047 | E36: =Calendar!B48 -> 46337 | F36: Free plan with AI limits | G36: Check for program | H36: Free-tier note from 2026 comparison articles; verify
A37: 036 | B37: Magnific | C37: Image | D37: =Calendar!F49 -> E048 | E37: =Calendar!B49 -> 46337 | F37: Paid (Field sketch) | G37: Check for program | H37: Free-tier note from 2026 comparison articles; verify
A38: 037 | B38: OpusClip | C38: Creator | D38: =Calendar!F50 -> E049 | E38: =Calendar!B50 -> 46338 | F38: Free monthly minutes | G38: Check for program | H38: Free-tier note from 2026 comparison articles; verify
A39: 038 | B39: Socrates AI | C39: Work | D39: =Calendar!F53 -> E052 | E39: =Calendar!B53 -> 46339 | F39: Free (verify) | G39: No program known (Unpaid) | H39: Verify on the tool's pricing page
A40: 039 | B40: Krea | C40: Image | D40: =Calendar!F54 -> E053 | E40: =Calendar!B54 -> 46340 | F40: Free tier | G40: Check for program | H40: Free-tier note from 2026 comparison articles; verify
A41: 040 | B41: ChatGPT Images 2.5 | C41: Image | D41: =Calendar!F55 -> E054 | E41: =Calendar!B55 -> 46340 | F41: Free tier with limits | G41: No program known (Unpaid) | H41: Free-tier note from 2026 comparison articles; verify
A42: 041 | B42: Minimi | C42: Work | D42: =Calendar!F57 -> E056 | E42: =Calendar!B57 -> 46341 | F42: Free tier (verify) | G42: No program known (Unpaid) | H42: Verify on the tool's pricing page
A43: 042 | B43: Wan (open-source) | C43: Video | D43: =Calendar!F59 -> E058 | E43: =Calendar!B59 -> 46342 | F43: Open weights; free Hugging Face demos | G43: No program known (Unpaid) | H43: Free-tier note from 2026 comparison articles; verify
A44: 043 | B44: Bolt | C44: Build | D44: =Calendar!F61 -> E060 | E44: =Calendar!B61 -> 46343 | F44: Free tokens | G44: Check for program | H44: Free-tier note from 2026 comparison articles; verify
A45: 044 | B45: Udio | C45: Audio | D45: =Calendar!F62 -> E061 | E45: =Calendar!B62 -> 46344 | F45: Free tier (verify) | G45: Check for program | H45: Verify on the tool's pricing page
A46: 045 | B46: Producer AI | C46: Audio | D46: =Calendar!F62 -> E061 | E46: =Calendar!B62 -> 46344 | F46: Free in Google Labs (verify) | G46: No program known (Unpaid) | H46: Verify on the tool's pricing page
A47: 046 | B47: Seedance 2.5 | C47: Video | D47: =Calendar!F63 -> E062 | E47: =Calendar!B63 -> 46344 | F47: Access varies (Field sketch) | G47: Check for program | H47: Free-tier note from 2026 comparison articles; verify
A48: 047 | B48: Rodin (Hyper3D) | C48: 3D | D48: =Calendar!F64 -> E063 | E48: =Calendar!B64 -> 46345 | F48: Free to generate; downloads paid (verify) | G48: Check for program | H48: Verify on the tool's pricing page
A49: 048 | B49: Adobe Firefly | C49: Image | D49: =Calendar!F65 -> E064 | E49: =Calendar!B65 -> 46345 | F49: Free monthly generative credits | G49: Check for program | H49: Free-tier note from 2026 comparison articles; verify
A50: 049 | B50: Leonardo | C50: Image | D50: =Calendar!F68 -> E067 | E50: =Calendar!B68 -> 46347 | F50: Free daily tokens | G50: Check for program | H50: Free-tier note from 2026 comparison articles; verify
A51: 050 | B51: Lisen | C51: Audio | D51: =Calendar!F69 -> E068 | E51: =Calendar!B69 -> 46347 | F51: Free (Chrome extension) | G51: No program known (Unpaid) | H51: Free-tier note from 2026 comparison articles; verify
A52: 051 | B52: Granola | C52: Work | D52: =Calendar!F72 -> E071 | E52: =Calendar!B72 -> 46349 | F52: Free tier | G52: Check for program | H52: Free-tier note from 2026 comparison articles; verify
A53: 052 | B53: Postiz | C53: Creator | D53: =Calendar!F73 -> E072 | E53: =Calendar!B73 -> 46349 | F53: Open-source, free self-host | G53: Check for program | H53: Free-tier note from 2026 comparison articles; verify
A54: 053 | B54: Higgsfield | C54: Video | D54: =Calendar!F75 -> E074 | E54: =Calendar!B75 -> 46350 | F54: Free tier, watermarked | G54: Check for program | H54: Free-tier note from 2026 comparison articles; verify
A55: 054 | B55: v0 | C55: Build | D55: =Calendar!F76 -> E075 | E55: =Calendar!B76 -> 46351 | F55: Free credits | G55: Check for program | H55: Free-tier note from 2026 comparison articles; verify
A56: 055 | B56: Colossyan | C56: Avatar | D56: =Calendar!F77 -> E076 | E56: =Calendar!B77 -> 46351 | F56: Trial (Field sketch) | G56: Confirmed program | H56: https://affiliatejob.org/blog/highest-paying-ai-tool-affiliate-programs-2026
A57: 056 | B57: Captions | C57: Avatar | D57: =Calendar!F82 -> E081 | E57: =Calendar!B82 -> 46354 | F57: Free tier (verify) | G57: Check for program | H57: Verify on the tool's pricing page
A58: 057 | B58: n8n | C58: Build | D58: =Calendar!F83 -> E082 | E58: =Calendar!B83 -> 46354 | F58: Free self-hosted | G58: Check for program | H58: Free-tier note from 2026 comparison articles; verify
A59: 058 | B59: Runway | C59: Video | D59: =Calendar!F89 -> E088 | E59: =Calendar!B89 -> 46357 | F59: One-time free credits (verify) | G59: Check for program | H59: Verify on the tool's pricing page
A60: 059 | B60: Perplexity Computer | C60: Work | D60: =Calendar!F91 -> E090 | E60: =Calendar!B91 -> 46358 | F60: Usage-based, paid (Field sketch) | G60: Check for program | H60: Free-tier note from 2026 comparison articles; verify
A61: 060 | B61: AudioPen | C61: Work | D61: =Calendar!F94 -> E093 | E61: =Calendar!B94 -> 46360 | F61: Free tier | G61: Check for program | H61: Free-tier note from 2026 comparison articles; verify
A62: 061 | B62: Spline | C62: 3D | D62: =Calendar!F96 -> E095 | E62: =Calendar!B96 -> 46361 | F62: Free plan | G62: Check for program | H62: Free-tier note from 2026 comparison articles; verify
A63: 062 | B63: Meta Edits AI agent | C63: Creator | D63: =Calendar!F97 -> E096 | E63: =Calendar!B97 -> 46361 | F63: Free in Edits app | G63: No program known (Unpaid) | H63: Free-tier note from 2026 comparison articles; verify
A64: 063 | B64: Luma Dream Machine | C64: Video | D64: =Calendar!F100 -> E099 | E64: =Calendar!B100 -> 46363 | F64: Free tier (verify) | G64: Check for program | H64: Verify on the tool's pricing page
A65: 064 | B65: Google Photos AI Wardrobe | C65: Creator | D65: =Calendar!F101 -> E100 | E65: =Calendar!B101 -> 46363 | F65: Free in Google Photos | G65: No program known (Unpaid) | H65: Free-tier note from 2026 comparison articles; verify
A66: 065 | B66: Notion AI | C66: Work | D66: =Calendar!F103 -> E102 | E66: =Calendar!B103 -> 46364 | F66: Limited free trial | G66: Confirmed program | H66: https://www.layer3labs.io/guides/best-ai-affiliate-programs
A67: 066 | B67: LALAL.AI | C67: Audio | D67: =Calendar!F104 -> E103 | E67: =Calendar!B104 -> 46365 | F67: Free preview minutes | G67: Check for program | H67: Free-tier note from 2026 comparison articles; verify
A68: 067 | B68: Arcads | C68: Avatar | D68: =Calendar!F105 -> E104 | E68: =Calendar!B105 -> 46365 | F68: Paid (Field sketch) | G68: Check for program | H68: Free-tier note from 2026 comparison articles; verify
A69: 068 | B69: Pika | C69: Video | D69: =Calendar!F106 -> E105 | E69: =Calendar!B106 -> 46366 | F69: Free tier (verify) | G69: Check for program | H69: Verify on the tool's pricing page
A70: 069 | B70: Bloop | C70: Creator | D70: =Calendar!F108 -> E107 | E70: =Calendar!B108 -> 46367 | F70: Free (Mac, verify) | G70: Check for program | H70: Verify on the tool's pricing page
A71: 070 | B71: Veed | C71: Creator | D71: =Calendar!F114 -> E113 | E71: =Calendar!B114 -> 46370 | F71: Free plan, watermarked | G71: Confirmed program | H71: https://www.layer3labs.io/guides/best-ai-affiliate-programs
A72: 071 | B72: SAM 3D Objects | C72: 3D | D72: =Calendar!F115 -> E114 | E72: =Calendar!B115 -> 46370 | F72: Open research model; free demo (verify) | G72: No program known (Unpaid) | H72: Verify on the tool's pricing page
A73: 072 | B73: Jasper | C73: Creator | D73: =Calendar!F119 -> E118 | E73: =Calendar!B119 -> 46372 | F73: Paid (Field sketch) | G73: Confirmed program | H73: https://affiliatejob.org/blog/highest-paying-ai-tool-affiliate-programs-2026
A74: 073 | B74: Freepik | C74: Image | D74: =Calendar!F120 -> E119 | E74: =Calendar!B120 -> 46373 | F74: Free tier | G74: Check for program | H74: Free-tier note from 2026 comparison articles; verify
A75: 074 | B75: Sloyd | C75: 3D | D75: =Calendar!F125 -> E124 | E75: =Calendar!B125 -> 46375 | F75: Free tier (verify) | G75: Check for program | H75: Verify on the tool's pricing page
A76: 075 | B76: 3D AI Studio | C76: 3D | D76: =Calendar!F129 -> E128 | E76: =Calendar!B129 -> 46377 | F76: Free trial credits (verify) | G76: Check for program | H76: Verify on the tool's pricing page
A77: 076 | B77: Murf | C77: Audio | D77: =Calendar!F131 -> E130 | E77: =Calendar!B131 -> 46378 | F77: Free trial | G77: Confirmed program | H77: https://www.layer3labs.io/guides/best-ai-affiliate-programs
A78: 077 | B78: Gemini Omni | C78: Video | D78: =Calendar!F133 -> E132 | E78: =Calendar!B133 -> 46379 | F78: Access varies (Field sketch) | G78: No program known (Unpaid) | H78: Free-tier note from 2026 comparison articles; verify
A79: 078 | B79: Pictory | C79: Creator | D79: =Calendar!F134 -> E133 | E79: =Calendar!B134 -> 46380 | F79: Free trial | G79: Confirmed program | H79: https://affiliatejob.org/blog/highest-paying-ai-tool-affiliate-programs-2026
A80: 079 | B80: DomoAI | C80: Video | D80: =Calendar!F139 -> E138 | E80: =Calendar!B139 -> 46382 | F80: Free trial (verify) | G80: Check for program | H80: Verify on the tool's pricing page
A81: 080 | B81: Speechify | C81: Audio | D81: =Calendar!F142 -> E141 | E81: =Calendar!B142 -> 46384 | F81: Free tier | G81: Confirmed program | H81: https://www.layer3labs.io/guides/best-ai-affiliate-programs
A82: 081 | B82: Perplexity | C82: Work | D82: =Calendar!F146 -> E145 | E82: =Calendar!B146 -> 46386 | F82: Free tier | G82: Check for program | H82: Free-tier note from 2026 comparison articles; verify
A83: 082 | B83: Jenni AI | C83: Work | D83: =Calendar!F146 -> E145 | E83: =Calendar!B146 -> 46386 | F83: Free tier | G83: Check for program | H83: Free-tier note from 2026 comparison articles; verify
A84: 083 | B84: Castmagic | C84: Creator | D84: =Calendar!F147 -> E146 | E84: =Calendar!B147 -> 46386 | F84: Paid (Field sketch) | G84: Check for program | H84: Free-tier note from 2026 comparison articles; verify
A85: 084 | B85: Gumloop | C85: Build | D85: =Calendar!F150 -> E149 | E85: =Calendar!B150 -> 46388 | F85: Free tier | G85: Check for program | H85: Free-tier note from 2026 comparison articles; verify
A86: 085 | B86: Scriptly | C86: Creator | D86: =Calendar!F153 -> E152 | E86: =Calendar!B153 -> 46389 | F86: Free (iOS, verify) | G86: Check for program | H86: Verify on the tool's pricing page
A87: 086 | B87: Floot | C87: Build | D87: =Calendar!F157 -> E156 | E87: =Calendar!B157 -> 46391 | F87: Free tier (verify) | G87: Check for program | H87: Verify on the tool's pricing page
A88: 087 | B88: Fliki | C88: Creator | D88: =Calendar!F159 -> E158 | E88: =Calendar!B159 -> 46392 | F88: Free plan | G88: Check for program | H88: Free-tier note from 2026 comparison articles; verify
A89: 088 | B89: Copy.ai | C89: Creator | D89: =Calendar!F161 -> E160 | E89: =Calendar!B161 -> 46393 | F89: Free tier limited (Field sketch) | G89: Confirmed program | H89: https://affiliatejob.org/blog/highest-paying-ai-tool-affiliate-programs-2026
A90: 089 | B90: Taskade | C90: Work | D90: =Calendar!F162 -> E161 | E90: =Calendar!B162 -> 46394 | F90: Free plan | G90: Check for program | H90: Free-tier note from 2026 comparison articles; verify
A91: 090 | B91: Sider Code | C91: Build | D91: =Calendar!F167 -> E166 | E91: =Calendar!B167 -> 46396 | F91: Free tier (verify) | G91: Check for program | H91: Verify on the tool's pricing page
A92: 091 | B92: Vidu | C92: Video | D92: =Calendar!F170 -> E169 | E92: =Calendar!B170 -> 46398 | F92: Free credits (verify) | G92: Check for program | H92: Verify on the tool's pricing page
A93: 092 | B93: Fewer | C93: Work | D93: =Calendar!F171 -> E170 | E93: =Calendar!B171 -> 46398 | F93: Free (verify) | G93: No program known (Unpaid) | H93: Verify on the tool's pricing page
A94: 093 | B94: Hedra | C94: Avatar | D94: =Calendar!F174 -> E173 | E94: =Calendar!B174 -> 46400 | F94: Free tier (verify) | G94: Check for program | H94: Verify on the tool's pricing page
A95: 094 | B95: Writesonic | C95: Creator | D95: =Calendar!F175 -> E174 | E95: =Calendar!B175 -> 46400 | F95: Limited free (Field sketch) | G95: Confirmed program | H95: https://www.layer3labs.io/guides/best-ai-affiliate-programs
A96: 095 | B96: Paste 7 | C96: Work | D96: =Calendar!F181 -> E180 | E96: =Calendar!B181 -> 46403 | F96: Free tier (verify) | G96: Check for program | H96: Verify on the tool's pricing page

Sheet Series
A1: Series | B1: Code | C1: Purpose | D1: Mode | E1: Signature opening | F1: Episodes in 90 days
A2: Field Specimen | B2: FS | C2: Flagship. One tool, one real test, conditions card, flaw, verdict. | D2: Live specimen | E2: Cold open on output; full anatomy | F2: =COUNTIF(Calendar!$H$2:$H$181,A2) -> 52
A3: Free Range | B3: FR | C3: What the free tier actually gets you, in numbers. No card needed. | D3: Live specimen | E3: Opens on a counter: credits used / credits left | F3: =COUNTIF(Calendar!$H$2:$H$181,A3) -> 26
A4: Rare Sighting | B4: RS | C4: A tool most people haven't heard of yet. Speed beats polish. | D4: Live or Field sketch | E4: Opens on the RARE SIGHTING stamp and launch date | F4: =COUNTIF(Calendar!$H$2:$H$181,A4) -> 32
A5: Plate | B5: PL | C5: Same input, three tools, side-by-side triptych. Highest search intent. | D5: Live specimen | E5: Three columns, one shared input card, ranked at the end | F5: =COUNTIF(Calendar!$H$2:$H$181,A5) -> 13
A6: Field Sketch | B6: SK | C6: Desk study of a paid tool. Labelled 'not hands-on'. Verdict is 'Watch'. | D6: Field sketch | E6: Pencil-line diagrams redrawn from public info; price math | F6: =COUNTIF(Calendar!$H$2:$H$181,A6) -> 13
A7: Mimicry | B7: MI | C7: AI or real? Viewers comment A or B; reveal at the end. | D7: Live specimen | E7: Split screen A/B; answer revealed after a 3 s countdown | F7: =COUNTIF(Calendar!$H$2:$H$181,A7) -> 13
A8: Dissection | B8: DS | C8: A workflow chaining 2-3 tools to make one finished thing. | D8: Live specimen | E8: Numbered stages laid out like a dissection tray | F8: =COUNTIF(Calendar!$H$2:$H$181,A8) -> 13
A9: The Drawer | B9: DR | C9: Sunday recap: every specimen pinned this week, in 30 s. | D9: Built from the week's renders | E9: Drawer opens; each label lights up with its verdict | F9: =COUNTIF(Calendar!$H$2:$H$181,A9) -> 12
A10: Extinction Watch | B10: EX | C10: A tool or model that died or changed, and what replaced it. | D10: Field sketch | E10: Ink-black label; crossed-out specimen; successors pinned | F10: =COUNTIF(Calendar!$H$2:$H$181,A10) -> 6
A11: Total | F11: =SUM(F2:F10) -> 180

Sheet Scorecard
A1: Week | B1: Week starts | C1: Views (all platforms) | D1: Engaged views (YT) | E1: Avg % viewed (YT) | F1: Comments with a code (IG) | G1: Hub visits | H1: Affiliate clicks | I1: Sign-ups | J1: Paid conversions | K1: Commission earned ($) | L1: Hub visits per 1k views | M1: Click-through from hub | N1: Sign-up rate | O1: Paid rate | P1: Top episode | Q1: Decision for next week
A2: 1 | B2: =Settings!$B$3+(A2-1)*7 -> 46314 | L2: =IF(C2>0,G2/C2*1000,0) -> 0 | M2: =IF(G2>0,H2/G2,0) -> 0 | N2: =IF(H2>0,I2/H2,0) -> 0 | O2: =IF(I2>0,J2/I2,0) -> 0
A3: 2 | B3: =Settings!$B$3+(A3-1)*7 -> 46321 | L3: =IF(C3>0,G3/C3*1000,0) -> 0 | M3: =IF(G3>0,H3/G3,0) -> 0 | N3: =IF(H3>0,I3/H3,0) -> 0 | O3: =IF(I3>0,J3/I3,0) -> 0
A4: 3 | B4: =Settings!$B$3+(A4-1)*7 -> 46328 | L4: =IF(C4>0,G4/C4*1000,0) -> 0 | M4: =IF(G4>0,H4/G4,0) -> 0 | N4: =IF(H4>0,I4/H4,0) -> 0 | O4: =IF(I4>0,J4/I4,0) -> 0
A5: 4 | B5: =Settings!$B$3+(A5-1)*7 -> 46335 | L5: =IF(C5>0,G5/C5*1000,0) -> 0 | M5: =IF(G5>0,H5/G5,0) -> 0 | N5: =IF(H5>0,I5/H5,0) -> 0 | O5: =IF(I5>0,J5/I5,0) -> 0
A6: 5 | B6: =Settings!$B$3+(A6-1)*7 -> 46342 | L6: =IF(C6>0,G6/C6*1000,0) -> 0 | M6: =IF(G6>0,H6/G6,0) -> 0 | N6: =IF(H6>0,I6/H6,0) -> 0 | O6: =IF(I6>0,J6/I6,0) -> 0
A7: 6 | B7: =Settings!$B$3+(A7-1)*7 -> 46349 | L7: =IF(C7>0,G7/C7*1000,0) -> 0 | M7: =IF(G7>0,H7/G7,0) -> 0 | N7: =IF(H7>0,I7/H7,0) -> 0 | O7: =IF(I7>0,J7/I7,0) -> 0
A8: 7 | B8: =Settings!$B$3+(A8-1)*7 -> 46356 | L8: =IF(C8>0,G8/C8*1000,0) -> 0 | M8: =IF(G8>0,H8/G8,0) -> 0 | N8: =IF(H8>0,I8/H8,0) -> 0 | O8: =IF(I8>0,J8/I8,0) -> 0
A9: 8 | B9: =Settings!$B$3+(A9-1)*7 -> 46363 | L9: =IF(C9>0,G9/C9*1000,0) -> 0 | M9: =IF(G9>0,H9/G9,0) -> 0 | N9: =IF(H9>0,I9/H9,0) -> 0 | O9: =IF(I9>0,J9/I9,0) -> 0
A10: 9 | B10: =Settings!$B$3+(A10-1)*7 -> 46370 | L10: =IF(C10>0,G10/C10*1000,0) -> 0 | M10: =IF(G10>0,H10/G10,0) -> 0 | N10: =IF(H10>0,I10/H10,0) -> 0 | O10: =IF(I10>0,J10/I10,0) -> 0
A11: 10 | B11: =Settings!$B$3+(A11-1)*7 -> 46377 | L11: =IF(C11>0,G11/C11*1000,0) -> 0 | M11: =IF(G11>0,H11/G11,0) -> 0 | N11: =IF(H11>0,I11/H11,0) -> 0 | O11: =IF(I11>0,J11/I11,0) -> 0
A12: 11 | B12: =Settings!$B$3+(A12-1)*7 -> 46384 | L12: =IF(C12>0,G12/C12*1000,0) -> 0 | M12: =IF(G12>0,H12/G12,0) -> 0 | N12: =IF(H12>0,I12/H12,0) -> 0 | O12: =IF(I12>0,J12/I12,0) -> 0
A13: 12 | B13: =Settings!$B$3+(A13-1)*7 -> 46391 | L13: =IF(C13>0,G13/C13*1000,0) -> 0 | M13: =IF(G13>0,H13/G13,0) -> 0 | N13: =IF(H13>0,I13/H13,0) -> 0 | O13: =IF(I13>0,J13/I13,0) -> 0
A14: 13 | B14: =Settings!$B$3+(A14-1)*7 -> 46398 | L14: =IF(C14>0,G14/C14*1000,0) -> 0 | M14: =IF(G14>0,H14/G14,0) -> 0 | N14: =IF(H14>0,I14/H14,0) -> 0 | O14: =IF(I14>0,J14/I14,0) -> 0
A15: Total | C15: =SUM(C2:C14) -> 0 | D15: =SUM(D2:D14) -> 0 | F15: =SUM(F2:F14) -> 0 | G15: =SUM(G2:G14) -> 0 | H15: =SUM(H2:H14) -> 0 | I15: =SUM(I2:I14) -> 0 | J15: =SUM(J2:J14) -> 0 | K15: =SUM(K2:K14) -> 0
A16: Fill one row every Sunday from YouTube Studio, Instagram Insights, X Analytics and each affiliate dashboard. Targets for weeks 1-4: avg % viewed > 80%, hub visits > 2 per 1k views.
